Industry_ID,Composite_Index,Date
48,0.907406252822876,2026-02-12 00:43:47
11,0.873875087890625,2026-02-12 00:43:47
27,0.8068653763580322,2026-02-12 00:43:47
6,0.7977733435821533,2026-02-12 00:43:47
53,0.7522506506347656,2026-02-12 00:43:47
58,0.7298841660690307,2026-02-12 00:43:47
63,0.7179029354095459,2026-02-12 00:43:47
98,0.7157590600967407,2026-02-12 00:43:47
7,0.6641009337234497,2026-02-12 00:43:47
77,0.6625959350585937,2026-02-12 00:43:47
30,0.6443014862060547,2026-02-12 00:43:47
45,0.6302950899124146,2026-02-12 00:43:47
82,0.6300880864715577,2026-02-12 00:43:47
2,0.6228837047195435,2026-02-12 00:43:47
64,0.6005832823562622,2026-02-12 00:43:47
22,0.566436241645813,2026-02-12 00:43:47
16,0.5643430793380737,2026-02-12 00:43:47
65,0.5568099380111694,2026-02-12 00:43:47
21,0.5496841862487793,2026-02-12 00:43:47
28,0.546448232498169,2026-02-12 00:43:47
79,0.5443621360969544,2026-02-12 00:43:47
23,0.5377038279342651,2026-02-12 00:43:47
86,0.5194737051391601,2026-02-12 00:43:47
18,0.4990368793869018,2026-02-12 00:43:47
1,0.4747844348144531,2026-02-12 00:43:48
55,0.4744339154815674,2026-02-12 00:43:48
81,0.4660650548267365,2026-02-12 00:43:48
56,0.4627137936592101,2026-02-12 00:43:48
83,0.4608938134765625,2026-02-12 00:43:48
89,0.4551202238082886,2026-02-12 00:43:48
41,0.435065299987793,2026-02-12 00:43:48
57,0.4325960816574096,2026-02-12 00:43:48
93,0.4323778753662109,2026-02-12 00:43:48
72,0.4323533792114257,2026-02-12 00:43:48
96,0.4282410161781311,2026-02-12 00:43:48
75,0.4027752585411072,2026-02-12 00:43:48
49,0.3994218856716156,2026-02-12 00:43:48
92,0.3847245204162597,2026-02-12 00:43:48
54,0.3757469631958007,2026-02-12 00:43:48
100,0.3748393442344665,2026-02-12 00:43:48
99,0.371474412612915,2026-02-12 00:43:48
38,0.3613397805023193,2026-02-12 00:43:48
15,0.3609920026779174,2026-02-12 00:43:48
9,0.355702691078186,2026-02-12 00:43:48
71,0.3546983204841614,2026-02-12 00:43:48
20,0.35142431142807,2026-02-12 00:43:48
26,0.3503559088516235,2026-02-12 00:43:48
32,0.3458064538002014,2026-02-12 00:43:48
8,0.3375917833328247,2026-02-12 00:43:48
70,0.3368550978469848,2026-02-12 00:43:48
37,0.334477034072876,2026-02-12 00:43:48
88,0.3241177421951294,2026-02-12 00:43:48
13,0.3159541758918762,2026-02-12 00:43:48
91,0.3156494635772705,2026-02-12 00:43:48
74,0.3142394456291199,2026-02-12 00:43:48
68,0.3086932032012939,2026-02-12 00:43:48
51,0.3035665851783752,2026-02-12 00:43:49
59,0.3027007993125916,2026-02-12 00:43:49
36,0.301314237947464,2026-02-12 00:43:49
76,0.2964296859931946,2026-02-12 00:43:49
95,0.2906558697605133,2026-02-12 00:43:49
69,0.2874497054672241,2026-02-12 00:43:49
17,0.2829326078224182,2026-02-12 00:43:49
10,0.2801758955001831,2026-02-12 00:43:49
5,0.2712719997596741,2026-02-12 00:43:49
61,0.2684633715343475,2026-02-12 00:43:49
94,0.2622098547172546,2026-02-12 00:43:49
25,0.2618752947044372,2026-02-12 00:43:49
34,0.2579982474136352,2026-02-12 00:43:49
90,0.2504021666717529,2026-02-12 00:43:49
47,0.2494804597282409,2026-02-12 00:43:49
46,0.2475921985483169,2026-02-12 00:43:49
39,0.2429623640441894,2026-02-12 00:43:49
87,0.24170487159729,2026-02-12 00:43:49
52,0.2370753584003448,2026-02-12 00:43:49
62,0.2364291635894775,2026-02-12 00:43:49
73,0.2332731467056274,2026-02-12 00:43:49
50,0.2332042912197112,2026-02-12 00:43:49
29,0.2272592885303497,2026-02-12 00:43:49
14,0.2212511736106872,2026-02-12 00:43:49
35,0.2191218031024933,2026-02-12 00:43:49
78,0.2178857980346679,2026-02-12 00:43:49
33,0.2174251205921173,2026-02-12 00:43:49
31,0.2067045381498336,2026-02-12 00:43:49
44,0.2040359994840622,2026-02-12 00:43:49
84,0.1962847928142547,2026-02-12 00:43:49
3,0.1953112663078308,2026-02-12 00:43:49
40,0.1946881338596344,2026-02-12 00:43:49
80,0.1869783783721924,2026-02-12 00:43:49
97,0.1792013741445541,2026-02-12 00:43:50
60,0.1770210267925262,2026-02-12 00:43:50
12,0.1677649985218048,2026-02-12 00:43:50
19,0.1627187966537475,2026-02-12 00:43:50
67,0.1546787140464782,2026-02-12 00:43:50
24,0.1452128844261169,2026-02-12 00:43:50
43,0.1435789917659759,2026-02-12 00:43:50
42,0.1353027248859405,2026-02-12 00:43:50
66,0.1286644108009338,2026-02-12 00:43:50
4,0.1140016756343841,2026-02-12 00:43:50
85,0.1019456688523292,2026-02-12 00:43:50
48,0.907406252822876,2026-02-12 00:46:04
11,0.873875087890625,2026-02-12 00:46:04
27,0.8068653763580322,2026-02-12 00:46:04
6,0.7977733435821533,2026-02-12 00:46:04
53,0.7522506506347656,2026-02-12 00:46:04
58,0.7298841660690307,2026-02-12 00:46:04
63,0.7179029354095459,2026-02-12 00:46:04
98,0.7157590600967407,2026-02-12 00:46:04
7,0.6641009337234497,2026-02-12 00:46:04
77,0.6625959350585937,2026-02-12 00:46:04
30,0.6443014862060547,2026-02-12 00:46:04
45,0.6302950899124146,2026-02-12 00:46:04
82,0.6300880864715577,2026-02-12 00:46:04
2,0.6228837047195435,2026-02-12 00:46:04
64,0.6005832823562622,2026-02-12 00:46:04
22,0.566436241645813,2026-02-12 00:46:04
16,0.5643430793380737,2026-02-12 00:46:04
65,0.5568099380111694,2026-02-12 00:46:04
21,0.5496841862487793,2026-02-12 00:46:04
28,0.546448232498169,2026-02-12 00:46:04
79,0.5443621360969544,2026-02-12 00:46:05
23,0.5377038279342651,2026-02-12 00:46:05
86,0.5194737051391601,2026-02-12 00:46:05
18,0.4990368793869018,2026-02-12 00:46:05
1,0.4747844348144531,2026-02-12 00:46:05
55,0.4744339154815674,2026-02-12 00:46:05
81,0.4660650548267365,2026-02-12 00:46:05
56,0.4627137936592101,2026-02-12 00:46:05
83,0.4608938134765625,2026-02-12 00:46:05
89,0.4551202238082886,2026-02-12 00:46:05
41,0.435065299987793,2026-02-12 00:46:05
57,0.4325960816574096,2026-02-12 00:46:05
93,0.4323778753662109,2026-02-12 00:46:05
72,0.4323533792114257,2026-02-12 00:46:05
96,0.4282410161781311,2026-02-12 00:46:05
75,0.4027752585411072,2026-02-12 00:46:05
49,0.3994218856716156,2026-02-12 00:46:05
92,0.3847245204162597,2026-02-12 00:46:05
54,0.3757469631958007,2026-02-12 00:46:05
100,0.3748393442344665,2026-02-12 00:46:05
99,0.371474412612915,2026-02-12 00:46:05
38,0.3613397805023193,2026-02-12 00:46:05
15,0.3609920026779174,2026-02-12 00:46:05
9,0.355702691078186,2026-02-12 00:46:05
71,0.3546983204841614,2026-02-12 00:46:05
20,0.35142431142807,2026-02-12 00:46:05
26,0.3503559088516235,2026-02-12 00:46:05
32,0.3458064538002014,2026-02-12 00:46:05
8,0.3375917833328247,2026-02-12 00:46:05
70,0.3368550978469848,2026-02-12 00:46:05
37,0.334477034072876,2026-02-12 00:46:06
88,0.3241177421951294,2026-02-12 00:46:06
13,0.3159541758918762,2026-02-12 00:46:06
91,0.3156494635772705,2026-02-12 00:46:06
74,0.3142394456291199,2026-02-12 00:46:06
68,0.3086932032012939,2026-02-12 00:46:06
51,0.3035665851783752,2026-02-12 00:46:06
59,0.3027007993125916,2026-02-12 00:46:06
36,0.301314237947464,2026-02-12 00:46:06
76,0.2964296859931946,2026-02-12 00:46:06
95,0.2906558697605133,2026-02-12 00:46:06
69,0.2874497054672241,2026-02-12 00:46:06
17,0.2829326078224182,2026-02-12 00:46:06
10,0.2801758955001831,2026-02-12 00:46:06
5,0.2712719997596741,2026-02-12 00:46:06
61,0.2684633715343475,2026-02-12 00:46:06
94,0.2622098547172546,2026-02-12 00:46:06
25,0.2618752947044372,2026-02-12 00:46:06
34,0.2579982474136352,2026-02-12 00:46:06
90,0.2504021666717529,2026-02-12 00:46:06
47,0.2494804597282409,2026-02-12 00:46:06
46,0.2475921985483169,2026-02-12 00:46:06
39,0.2429623640441894,2026-02-12 00:46:06
87,0.24170487159729,2026-02-12 00:46:06
52,0.2370753584003448,2026-02-12 00:46:06
62,0.2364291635894775,2026-02-12 00:46:06
73,0.2332731467056274,2026-02-12 00:46:06
50,0.2332042912197112,2026-02-12 00:46:06
29,0.2272592885303497,2026-02-12 00:46:06
14,0.2212511736106872,2026-02-12 00:46:06
35,0.2191218031024933,2026-02-12 00:46:06
78,0.2178857980346679,2026-02-12 00:46:07
33,0.2174251205921173,2026-02-12 00:46:07
31,0.2067045381498336,2026-02-12 00:46:07
44,0.2040359994840622,2026-02-12 00:46:07
84,0.1962847928142547,2026-02-12 00:46:07
3,0.1953112663078308,2026-02-12 00:46:07
40,0.1946881338596344,2026-02-12 00:46:07
80,0.1869783783721924,2026-02-12 00:46:07
97,0.1792013741445541,2026-02-12 00:46:07
60,0.1770210267925262,2026-02-12 00:46:07
12,0.1677649985218048,2026-02-12 00:46:07
19,0.1627187966537475,2026-02-12 00:46:07
67,0.1546787140464782,2026-02-12 00:46:07
24,0.1452128844261169,2026-02-12 00:46:07
43,0.1435789917659759,2026-02-12 00:46:07
42,0.1353027248859405,2026-02-12 00:46:07
66,0.1286644108009338,2026-02-12 00:46:07
4,0.1140016756343841,2026-02-12 00:46:07
85,0.1019456688523292,2026-02-12 00:46:07
48,0.907406252822876,2026-02-12 01:08:28
11,0.873875087890625,2026-02-12 01:08:28
27,0.8068653763580322,2026-02-12 01:08:28
6,0.7977733435821533,2026-02-12 01:08:28
53,0.7522506506347656,2026-02-12 01:08:28
58,0.7298841660690307,2026-02-12 01:08:28
63,0.7179029354095459,2026-02-12 01:08:28
98,0.7157590600967407,2026-02-12 01:08:28
7,0.6641009337234497,2026-02-12 01:08:28
77,0.6625959350585937,2026-02-12 01:08:28
30,0.6443014862060547,2026-02-12 01:08:28
45,0.6302950899124146,2026-02-12 01:08:28
82,0.6300880864715577,2026-02-12 01:08:29
2,0.6228837047195435,2026-02-12 01:08:29
64,0.6005832823562622,2026-02-12 01:08:29
22,0.566436241645813,2026-02-12 01:08:29
16,0.5643430793380737,2026-02-12 01:08:29
65,0.5568099380111694,2026-02-12 01:08:29
21,0.5496841862487793,2026-02-12 01:08:29
28,0.546448232498169,2026-02-12 01:08:29
79,0.5443621360969544,2026-02-12 01:08:29
23,0.5377038279342651,2026-02-12 01:08:29
86,0.5194737051391601,2026-02-12 01:08:29
18,0.4990368793869018,2026-02-12 01:08:29
1,0.4747844348144531,2026-02-12 01:08:29
55,0.4744339154815674,2026-02-12 01:08:29
81,0.4660650548267365,2026-02-12 01:08:29
56,0.4627137936592101,2026-02-12 01:08:29
83,0.4608938134765625,2026-02-12 01:08:29
89,0.4551202238082886,2026-02-12 01:08:29
41,0.435065299987793,2026-02-12 01:08:29
57,0.4325960816574096,2026-02-12 01:08:29
93,0.4323778753662109,2026-02-12 01:08:29
72,0.4323533792114257,2026-02-12 01:08:29
96,0.4282410161781311,2026-02-12 01:08:29
75,0.4027752585411072,2026-02-12 01:08:29
49,0.3994218856716156,2026-02-12 01:08:29
92,0.3847245204162597,2026-02-12 01:08:29
54,0.3757469631958007,2026-02-12 01:08:29
100,0.3748393442344665,2026-02-12 01:08:29
99,0.371474412612915,2026-02-12 01:08:29
38,0.3613397805023193,2026-02-12 01:08:30
15,0.3609920026779174,2026-02-12 01:08:30
9,0.355702691078186,2026-02-12 01:08:30
71,0.3546983204841614,2026-02-12 01:08:30
20,0.35142431142807,2026-02-12 01:08:30
26,0.3503559088516235,2026-02-12 01:08:30
32,0.3458064538002014,2026-02-12 01:08:30
8,0.3375917833328247,2026-02-12 01:08:30
70,0.3368550978469848,2026-02-12 01:08:30
37,0.334477034072876,2026-02-12 01:08:30
88,0.3241177421951294,2026-02-12 01:08:30
13,0.3159541758918762,2026-02-12 01:08:30
91,0.3156494635772705,2026-02-12 01:08:30
74,0.3142394456291199,2026-02-12 01:08:30
68,0.3086932032012939,2026-02-12 01:08:30
51,0.3035665851783752,2026-02-12 01:08:30
59,0.3027007993125916,2026-02-12 01:08:30
36,0.301314237947464,2026-02-12 01:08:30
76,0.2964296859931946,2026-02-12 01:08:30
95,0.2906558697605133,2026-02-12 01:08:30
69,0.2874497054672241,2026-02-12 01:08:30
17,0.2829326078224182,2026-02-12 01:08:30
10,0.2801758955001831,2026-02-12 01:08:30
5,0.2712719997596741,2026-02-12 01:08:30
61,0.2684633715343475,2026-02-12 01:08:30
94,0.2622098547172546,2026-02-12 01:08:30
25,0.2618752947044372,2026-02-12 01:08:30
34,0.2579982474136352,2026-02-12 01:08:30
90,0.2504021666717529,2026-02-12 01:08:31
47,0.2494804597282409,2026-02-12 01:08:31
46,0.2475921985483169,2026-02-12 01:08:31
39,0.2429623640441894,2026-02-12 01:08:31
87,0.24170487159729,2026-02-12 01:08:31
52,0.2370753584003448,2026-02-12 01:08:31
62,0.2364291635894775,2026-02-12 01:08:31
73,0.2332731467056274,2026-02-12 01:08:31
50,0.2332042912197112,2026-02-12 01:08:31
29,0.2272592885303497,2026-02-12 01:08:31
14,0.2212511736106872,2026-02-12 01:08:31
35,0.2191218031024933,2026-02-12 01:08:31
78,0.2178857980346679,2026-02-12 01:08:31
33,0.2174251205921173,2026-02-12 01:08:31
31,0.2067045381498336,2026-02-12 01:08:31
44,0.2040359994840622,2026-02-12 01:08:31
84,0.1962847928142547,2026-02-12 01:08:31
3,0.1953112663078308,2026-02-12 01:08:31
40,0.1946881338596344,2026-02-12 01:08:31
80,0.1869783783721924,2026-02-12 01:08:31
97,0.1792013741445541,2026-02-12 01:08:31
60,0.1770210267925262,2026-02-12 01:08:31
12,0.1677649985218048,2026-02-12 01:08:31
19,0.1627187966537475,2026-02-12 01:08:31
67,0.1546787140464782,2026-02-12 01:08:31
24,0.1452128844261169,2026-02-12 01:08:31
43,0.1435789917659759,2026-02-12 01:08:31
42,0.1353027248859405,2026-02-12 01:08:31
66,0.1286644108009338,2026-02-12 01:08:31
4,0.1140016756343841,2026-02-12 01:08:32
85,0.1019456688523292,2026-02-12 01:08:32
0,0.1666187623596191,2026-02-12 01:22:51
0,0.1666187623596191,2026-02-12 01:58:00
0,0.8596662197875976,2026-02-12 01:58:29
0,0.8137148210906983,2026-02-12 01:58:29
0,0.7967310763549804,2026-02-12 01:58:29
0,0.7864875350189209,2026-02-12 01:58:29
0,0.7258436825942993,2026-02-12 01:58:29
0,0.7160488730621338,2026-02-12 01:58:29
0,0.7156769607925415,2026-02-12 01:58:29
0,0.6601109188079833,2026-02-12 01:58:29
0,0.6598691566085815,2026-02-12 01:58:29
0,0.6434409093093872,2026-02-12 01:58:29
0,0.632153415222168,2026-02-12 01:58:29
0,0.6228607316589355,2026-02-12 01:58:29
0,0.6179566604232788,2026-02-12 01:58:29
0,0.6013498221969604,2026-02-12 01:58:29
0,0.5988360494422912,2026-02-12 01:58:29
0,0.5760929804039001,2026-02-12 01:58:29
0,0.5646130806732178,2026-02-12 01:58:29
0,0.5565600114059448,2026-02-12 01:58:29
0,0.5497920685195923,2026-02-12 01:58:29
0,0.5463892565536499,2026-02-12 01:58:29
0,0.5462036758041381,2026-02-12 01:58:29
0,0.5365302448654174,2026-02-12 01:58:29
0,0.504733678894043,2026-02-12 01:58:29
0,0.5012792319107056,2026-02-12 01:58:29
0,0.4771072842788696,2026-02-12 01:58:29
0,0.4747844348144531,2026-02-12 01:58:29
0,0.4715354447174072,2026-02-12 01:58:29
0,0.4628069188308715,2026-02-12 01:58:29
0,0.4610004854011535,2026-02-12 01:58:30
0,0.4581813365745544,2026-02-12 01:58:30
0,0.456433631439209,2026-02-12 01:58:30
0,0.4447091797637939,2026-02-12 01:58:30
0,0.4330475696182251,2026-02-12 01:58:30
0,0.430243838481903,2026-02-12 01:58:30
0,0.4187894126129151,2026-02-12 01:58:30
0,0.3937712148094177,2026-02-12 01:58:30
0,0.3916781533241272,2026-02-12 01:58:30
0,0.3915760702514648,2026-02-12 01:58:30
0,0.3846320106315612,2026-02-12 01:58:30
0,0.3836066547012329,2026-02-12 01:58:30
0,0.3710696195030212,2026-02-12 01:58:30
0,0.3677195483016968,2026-02-12 01:58:30
0,0.3608403139877319,2026-02-12 01:58:30
0,0.3556942442703247,2026-02-12 01:58:30
0,0.3532123972511291,2026-02-12 01:58:30
0,0.3521119219207763,2026-02-12 01:58:30
0,0.3501208250808716,2026-02-12 01:58:30
0,0.3458464602279663,2026-02-12 01:58:30
0,0.3403573670578003,2026-02-12 01:58:30
0,0.3379528852844238,2026-02-12 01:58:30
0,0.3264752298545837,2026-02-12 01:58:30
0,0.3229744870376587,2026-02-12 01:58:30
0,0.3225916744995117,2026-02-12 01:58:30
0,0.3199931015205383,2026-02-12 01:58:30
0,0.3179247774505615,2026-02-12 01:58:30
0,0.3159006434631348,2026-02-12 01:58:30
0,0.3126142869663238,2026-02-12 01:58:30
0,0.3121563932991028,2026-02-12 01:58:30
0,0.3015325999259948,2026-02-12 01:58:31
0,0.3007410398387909,2026-02-12 01:58:31
0,0.2931515039920807,2026-02-12 01:58:31
0,0.2898480129432678,2026-02-12 01:58:31
0,0.2800656308364868,2026-02-12 01:58:31
0,0.2794083147621155,2026-02-12 01:58:31
0,0.2779646201133728,2026-02-12 01:58:31
0,0.2764307263755798,2026-02-12 01:58:31
0,0.2761856667327881,2026-02-12 01:58:31
0,0.2759235183906555,2026-02-12 01:58:31
0,0.2684953679084778,2026-02-12 01:58:31
0,0.2620087927246093,2026-02-12 01:58:31
0,0.2619222519397736,2026-02-12 01:58:31
0,0.2540119064903259,2026-02-12 01:58:31
0,0.250371309337616,2026-02-12 01:58:31
0,0.2495637734413147,2026-02-12 01:58:31
0,0.2433649701023101,2026-02-12 01:58:31
0,0.2424240490627288,2026-02-12 01:58:31
0,0.2412976106166839,2026-02-12 01:58:31
0,0.2361235890579223,2026-02-12 01:58:31
0,0.2338300934982299,2026-02-12 01:58:31
0,0.2331446291065216,2026-02-12 01:58:31
0,0.2243502429294586,2026-02-12 01:58:31
0,0.2243065246200561,2026-02-12 01:58:31
0,0.2208405894660949,2026-02-12 01:58:31
0,0.2158170884609222,2026-02-12 01:58:31
0,0.2128195874691009,2026-02-12 01:58:31
0,0.208915472202301,2026-02-12 01:58:31
0,0.2058577072525024,2026-02-12 01:58:31
0,0.2018076150035858,2026-02-12 01:58:32
0,0.2010232075309753,2026-02-12 01:58:32
0,0.1972207263278961,2026-02-12 01:58:32
0,0.1920427107620239,2026-02-12 01:58:32
0,0.1803451245975494,2026-02-12 01:58:32
0,0.1798031819534301,2026-02-12 01:58:32
0,0.179319848408699,2026-02-12 01:58:32
0,0.1635220791530609,2026-02-12 01:58:32
0,0.1416928944396972,2026-02-12 01:58:32
0,0.135762585105896,2026-02-12 01:58:32
0,0.1353026041841507,2026-02-12 01:58:32
0,0.1204163123130798,2026-02-12 01:58:32
0,0.0938927028727531,2026-02-12 01:58:32
0,0.1666187623596191,2026-02-12 07:56:01
0,0.1666187623596191,2026-02-12 07:56:55
0,0.1666187623596191,2026-02-12 08:05:20
0,0.1666187623596191,2026-02-12 08:10:22
0,0.1666187623596191,2026-02-12 08:23:25
0,0.1666187623596191,2026-02-12 08:25:28
0,0.4743678449249267,2026-02-12 10:27:43
0,0.4473536586380005,2026-02-12 10:27:43
0,0.4242604011917114,2026-02-12 10:27:43
0,0.4045546993637084,2026-02-12 10:27:44
0,0.4021295722198486,2026-02-12 10:27:44
0,0.3984549660873413,2026-02-12 10:27:44
0,0.3793825992774963,2026-02-12 10:27:44
0,0.3665910048675537,2026-02-12 10:27:44
0,0.3369602058982849,2026-02-12 10:27:44
0,0.3293002770996093,2026-02-12 10:27:44
0,0.3136280624008178,2026-02-12 10:27:44
0,0.2940269533348083,2026-02-12 10:27:44
0,0.4743678449249267,2026-02-12 10:29:12
0,0.4473536586380005,2026-02-12 10:29:12
0,0.4242604011917114,2026-02-12 10:29:12
0,0.4045546993637084,2026-02-12 10:29:12
0,0.4021295722198486,2026-02-12 10:29:12
0,0.3984549660873413,2026-02-12 10:29:12
0,0.3793825992774963,2026-02-12 10:29:12
0,0.3665910048675537,2026-02-12 10:29:12
0,0.3369602058982849,2026-02-12 10:29:12
0,0.3293002770996093,2026-02-12 10:29:12
0,0.3136280624008178,2026-02-12 10:29:12
0,0.2940269533348083,2026-02-12 10:29:12
0,0.4743678449249267,2026-02-12 10:42:23
0,0.4473536586380005,2026-02-12 10:42:23
0,0.4242604011917114,2026-02-12 10:42:23
0,0.4045546993637084,2026-02-12 10:42:23
0,0.4021295722198486,2026-02-12 10:42:23
0,0.3984549660873413,2026-02-12 10:42:23
0,0.3793825992774963,2026-02-12 10:42:23
0,0.3665910048675537,2026-02-12 10:42:23
0,0.3369602058982849,2026-02-12 10:42:23
0,0.3293002770996093,2026-02-12 10:42:23
0,0.3136280624008178,2026-02-12 10:42:23
0,0.2940269533348083,2026-02-12 10:42:23
0,0.4743678449249267,2026-02-12 10:52:15
0,0.4473536586380005,2026-02-12 10:52:15
0,0.4242604011917114,2026-02-12 10:52:15
0,0.4045546993637084,2026-02-12 10:52:15
0,0.4021295722198486,2026-02-12 10:52:15
0,0.3984549660873413,2026-02-12 10:52:15
0,0.3793825992774963,2026-02-12 10:52:16
0,0.3665910048675537,2026-02-12 10:52:16
0,0.3369602058982849,2026-02-12 10:52:16
0,0.3293002770996093,2026-02-12 10:52:16
0,0.3136280624008178,2026-02-12 10:52:16
0,0.2940269533348083,2026-02-12 10:52:16
